freq,stage1_db,stage1_deg,stage2_db,stage2_deg,stage3_db,stage3_deg
1.00000000000000e+01,-3.42285443156404e-02,-7.19123674429163e+00,-3.42685790594534e-02,-1.22872876465170e+01,-4.53706819328287e-03,-1.41580722527559e+01
1.02329299228075e+01,-3.58378171327061e-02,-7.35828768690825e+00,-3.58824276943302e-02,-1.25733630741959e+01,-4.74748910569993e-03,-1.44880492397291e+01
1.04712854805090e+01,-3.75226133658440e-02,-7.52919735250081e+00,-3.75723378099758e-02,-1.28660926259065e+01,-4.96766863366315e-03,-1.48257263300721e+01
1.07151930523761e+01,-3.92864616565768e-02,-7.70405331898128e+00,-3.93418945106555e-02,-1.31656306254766e+01,-5.19805155730549e-03,-1.51712838971380e+01
1.09647819614319e+01,-4.11330540074628e-02,-7.88294504111639e+00,-4.11948519233353e-02,-1.34721349438707e+01,-5.43910217889387e-03,-1.55249065903766e+01
1.12201845430196e+01,-4.30662532004577e-02,-8.06596388277824e+00,-4.31351411722635e-02,-1.37857670784653e+01,-5.69130510684553e-03,-1.58867834405299e+01
1.14815362149688e+01,-4.50901005383344e-02,-8.25320314915001e+00,-4.51668787307862e-02,-1.41066922339365e+01,-5.95516606407940e-03,-1.62571079677075e+01
1.17489755493953e+01,-4.72088239216819e-02,-8.44475811883141e+00,-4.72943751680967e-02,-1.44350794047817e+01,-6.23121272053899e-03,-1.66360782924457e+01
1.20226443461741e+01,-4.94268462748306e-02,-8.64072607578401e+00,-4.95221443100307e-02,-1.47711014594965e+01,-6.51999554992967e-03,-1.70238972498547e+01
1.23026877081238e+01,-5.17487943338280e-02,-8.84120634105139e+00,-5.18549128333193e-02,-1.51149352264277e+01,-6.82208871018551e-03,-1.74207725069683e+01
1.25892541179417e+01,-5.41795078106302e-02,-9.04630030418363e+00,-5.42976303144175e-02,-1.54667615813194e+01,-7.13809094765855e-03,-1.78269166834142e+01
1.28824955169313e+01,-5.67240489472882e-02,-9.25611145428946e+00,-5.68554797541733e-02,-1.58267655365742e+01,-7.46862652402321e-03,-1.82425474755290e+01
1.31825673855641e+01,-5.93877124749261e-02,-9.47074541063383e+00,-5.95338886015336e-02,-1.61951363322436e+01,-7.81434616571820e-03,-1.86678877840528e+01
1.34896288259165e+01,-6.21760359921190e-02,-9.69030995269141e+00,-6.23385402999865e-02,-1.65720675287670e+01,-8.17592803461605e-03,-1.91031658455391e+01
1.38038426460288e+01,-6.50948107779220e-02,-9.91491504955984e+00,-6.52753863819014e-02,-1.69577571014725e+01,-8.55407871915363e-03,-1.95486153676328e+01
1.41253754462275e+01,-6.81500930548558e-02,-1.01446728886290e+01,-6.83506591371580e-02,-1.73524075368541e+01,-8.94953424445257e-03,-2.00044756683682e+01
1.44543977074593e+01,-7.13482157176296e-02,-1.03796979033944e+01,-7.15708848836511e-02,-1.77562259306386e+01,-9.36306109983226e-03,-2.04709918196578e+01
1.47910838816821e+01,-7.46958005433991e-02,-1.06201068002954e+01,-7.49428978688941e-02,-1.81694240876504e+01,-9.79545728207383e-03,-2.09484147951446e+01
1.51356124843621e+01,-7.81997708997420e-02,-1.08660185844473e+01,-7.84738548330342e-02,-1.85922186234862e+01,-1.02475533519592e-02,-2.14370016226084e+01
1.54881661891248e+01,-8.18673649666707e-02,-1.11175545841316e+01,-8.21712502656446e-02,-1.90248310680036e+01,-1.07202135019508e-02,-2.19370155411251e+01
1.58489319246111e+01,-8.57061494889332e-02,-1.13748384738933e+01,-8.60429323897547e-02,-1.94674879706299e+01,-1.12143366317815e-02,-2.24487261631912e+01
1.62181009735893e+01,-8.97240340751858e-02,-1.16379962960873e+01,-9.00971199087549e-02,-1.99204210074921e+01,-1.17308574289402e-02,-2.29724096420417e+01
1.65958690743756e+01,-9.39292860605579e-02,-1.19071564807044e+01,-9.43424195534758e-02,-2.03838670903683e+01,-1.22707474501646e-02,-2.35083488444032e+01
1.69824365246174e+01,-9.83305459488569e-02,-1.21824498632927e+01,-9.87878444685434e-02,-2.08580684774559e+01,-1.28350161996848e-02,-2.40568335289426e+01
1.73780082874937e+01,-1.02936843450944e-01,-1.24640097007825e+01,-1.03442833479602e-01,-2.13432728859500e+01,-1.34247121996176e-02,-2.46181605306873e+01
1.77827941003892e+01,-1.07757614135230e-01,-1.27519716850049e+01,-1.08317271284649e-01,-2.18397336064219e+01,-1.40409240469495e-02,-2.51926339517165e+01
1.81970085860998e+01,-1.12802716706161e-01,-1.30464739536845e+01,-1.13421509615463e-01,-2.23477096189821e+01,-1.46847814511806e-02,-2.57805653584407e+01
1.86208713666287e+01,-1.18082450926095e-01,-1.33476570986694e+01,-1.18766389417485e-01,-2.28674657112097e+01,-1.53574562459958e-02,-2.63822739858140e+01
1.90546071796325e+01,-1.23607576195486e-01,-1.36556641711484e+01,-1.24363264099040e-01,-2.33992725978238e+01,-1.60601633674630e-02,-2.69980869488467e+01
1.94984459975804e+01,-1.29389330805664e-01,-1.39706406835890e+01,-1.30224023903761e-01,-2.39434070420686e+01,-1.67941617905210e-02,-2.76283394618148e+01
1.99526231496888e+01,-1.35439451877630e-01,-1.42927346081115e+01,-1.36361121462873e-01,-2.45001519787763e+01,-1.75607554145893e-02,-2.82733750655950e+01
2.04173794466953e+01,-1.41770195999578e-01,-1.46220963710016e+01,-1.42787598587478e-01,-2.50697966390671e+01,-1.83612938883897e-02,-2.89335458635855e+01
2.08929613085404e+01,-1.48394360574557e-01,-1.49588788430407e+01,-1.49517114364196e-01,-2.56526366766387e+01,-1.91971733626802e-02,-2.96092127667115e+01
2.13796208950223e+01,-1.55325305888452e-01,-1.53032373253181e+01,-1.56563974621140e-01,-2.62489742955866e+01,-2.00698371589472e-02,-3.03007457480528e+01
2.18776162394955e+01,-1.62576977907203e-01,-1.56553295301699e+01,-1.63943162835495e-01,-2.68591183796939e+01,-2.09807763407059e-02,-3.10085241076781e+01
2.23872113856834e+01,-1.70163931810125e-01,-1.60153155568665e+01,-1.71670372557543e-01,-2.74833846231121e+01,-2.19315301726891e-02,-3.17329367483158e+01
2.29086765276777e+01,-1.78101356264654e-01,-1.63833578616536e+01,-1.79762041431381e-01,-2.81220956623515e+01,-2.29236864525189e-02,-3.24743824625478e+01
2.34422881531992e+01,-1.86405098445381e-01,-1.67596212217284e+01,-1.88235386896429e-01,-2.87755812094806e+01,-2.39588816970733e-02,-3.32332702322687e+01
2.39883291901949e+01,-1.95091689797922e-01,-1.71442726927116e+01,-1.97108443660021e-01,-2.94441781864274e+01,-2.50388011653634e-02,-3.40100195412188e+01
2.45470891568503e+01,-2.04178372545311e-01,-1.75374815591529e+01,-2.06400103036172e-01,-3.01282308602546e+01,-2.61651786973040e-02,-3.48050607014710e+01
2.51188643150958e+01,-2.13683126931724e-01,-1.79394192775876e+01,-2.16130154252521e-01,-3.08280909792685e+01,-2.73397963469531e-02,-3.56188351948274e+01
2.57039578276886e+01,-2.23624699194615e-01,-1.83502594116349e+01,-2.26319327833139e-01,-3.15441179098012e+01,-2.85644837863032e-02,-3.64517960301702e+01
2.63026799189538e+01,-2.34022630252794e-01,-1.87701775586104e+01,-2.36989341172700e-01,-3.22766787734831e+01,-2.98411174546197e-02,-3.73044081179044e+01
2.69153480392691e+01,-2.44897285093536e-01,-1.91993512670982e+01,-2.48162946424711e-01,-3.30261485848025e+01,-3.11716194262178e-02,-3.81771486627370e+01
2.75422870333816e+01,-2.56269882837580e-01,-1.96379599449072e+01,-2.59863980835040e-01,-3.37929103887192e+01,-3.25579559678033e-02,-3.90705075761496e+01
2.81838293126445e+01,-2.68162527455146e-01,-2.00861847568138e+01,-2.72117419660667e-01,-3.45773553980704e+01,-3.40021357544805e-02,-3.99849879100541e+01
2.88403150312660e+01,-2.80598239101287e-01,-2.05442085114688e+01,-2.84949431823602e-01,-3.53798831304724e+01,-3.55062077120812e-02,-4.09211063132567e+01
2.95120922666638e+01,-2.93600986032123e-01,-2.10122155368279e+01,-2.98387438460034e-01,-3.62009015443823e+01,-3.70722584508489e-02,-4.18793935125192e+01
3.01995172040201e+01,-3.07195717057405e-01,-2.14903915434419e+01,-3.12460174536357e-01,-3.70408271739402e+01,-3.87024092544793e-02,-4.28603948201728e+01
3.09029543251359e+01,-3.21408394477427e-01,-2.19789234749261e+01,-3.27197753715989e-01,-3.79000852621613e+01,-4.03988125861193e-02,-4.38646706704388e+01
3.16227766016838e+01,-3.36266027444538e-01,-2.24779993449067e+01,-3.42631736674061e-01,-3.87791098919884e+01,-4.21636480716282e-02,-4.48927971868193e+01
3.23593656929628e+01,-3.51796705681332e-01,-2.29878080597320e+01,-3.58795203071432e-01,-3.96783441146516e+01,-4.39991179185252e-02,-4.59453667831618e+01
3.31131121482591e+01,-3.68029633478296e-01,-2.35085392262161e+01,-3.75722827415167e-01,-4.05982400747035e+01,-4.59074417281878e-02,-4.70229888012644e+01
3.38844156139202e+01,-3.84995163884349e-01,-2.40403829436779e+01,-3.93450959049053e-01,-4.15392591310127e+01,-4.78908506572414e-02,-4.81262901881827e+01
3.46736850452531e+01,-4.02724832993147e-01,-2.45835295795262e+01,-4.12017706536037e-01,-4.25018719728989e+01,-4.99515808840098e-02,-4.92559162167292e+01
3.54813389233575e+01,-4.21251394217212e-01,-2.51381695276404e+01,-4.31463026713737e-01,-4.34865587304780e+01,-5.20918663351681e-02,-5.04125312530207e+01
3.63078054770101e+01,-4.40608852430040e-01,-2.57044929487950e+01,-4.51828818724682e-01,-4.44938090781541e+01,-5.43139306281138e-02,-5.15968195753402e+01
3.71535229097172e+01,-4.60832497844282e-01,-2.62826894923835e+01,-4.73159023345857e-01,-4.55241223300447e+01,-5.66199781862239e-02,-5.28094862490403e+01
3.80189396320561e+01,-4.81958939480823e-01,-2.68729479987051e+01,-4.95499727964957e-01,-4.65780075259524e+01,-5.90121844851100e-02,-5.40512580627267e+01
3.89045144994280e+01,-5.04026138069955e-01,-2.74754561810962e+01,-5.18899277576634e-01,-4.76559835062967e+01,-6.14926853921583e-02,-5.53228845315455e+01
3.98107170553497e+01,-5.27073438211553e-01,-2.80904002872136e+01,-5.43408392197905e-01,-4.87585789741902e+01,-6.40635655649815e-02,-5.66251389740425e+01
4.07380277804112e+01,-5.51141599606251e-01,-2.87179647388043e+01,-5.69080291130476e-01,-4.98863325425833e+01,-6.67268458817810e-02,-5.79588196698055e+01
4.16869383470335e+01,-5.76272827154043e-01,-2.93583317493406e+01,-5.95970824525851e-01,-5.10397927640967e+01,-6.94844698836173e-02,-5.93247511059276e+01
4.26579518801592e+01,-6.02510799700939e-01,-3.00116809189450e+01,-6.24138612739791e-01,-5.22195181408201e+01,-7.23382892206923e-02,-6.07237853212743e+01
4.36515832240165e+01,-6.29900697197845e-01,-3.06781888060919e+01,-6.53645193992666e-01,-5.34260771109560e+01,-7.52900481080332e-02,-6.21568033586065e+01
4.46683592150962e+01,-6.58489226019204e-01,-3.13580284756406e+01,-6.84555180883029e-01,-5.46600480087385e+01,-7.83413668148439e-02,-6.36247168358325e+01
4.57088189614874e+01,-6.88324642172080e-01,-3.20513690228374e+01,-7.16936426331984e-01,-5.59220189935402e+01,-8.14937242349825e-02,-6.51284696490500e+01
4.67735141287197e+01,-7.19456772109464e-01,-3.27583750730215e+01,-7.50860199564509e-01,-5.72125879434908e+01,-8.47484396160310e-02,-6.66690398216374e+01
4.78630092322638e+01,-7.51937030844678e-01,-3.34792062568738e+01,-7.86401372760932e-01,-5.85323623082636e+01,-8.81066535625208e-02,-6.82474415154755e+01
4.89778819368445e+01,-7.85818437047413e-01,-3.42140166611740e+01,-8.23638619034533e-01,-5.98819589149244e+01,-9.15693084775858e-02,-6.98647272224899e+01
5.01187233627271e+01,-8.21155624785549e-01,-3.49629542551699e+01,-8.62654622409606e-01,-6.12620037198809e+01,-9.51371286692048e-02,-7.15219901571308e+01
5.12861383991364e+01,-8.58004851561778e-01,-3.57261602928118e+01,-9.03536300484977e-01,-6.26731314989944e+01,-9.88106004258969e-02,-7.32203668732178e+01
5.24807460249772e+01,-8.96424002279611e-01,-3.65037686912833e+01,-9.46375040470009e-01,-6.41159854668300e+01,-1.02589952468404e-01,-7.49610401318404e+01
5.37031796370252e+01,-9.36472588760031e-01,-3.72959053864386e+01,-9.91266949268970e-01,-6.55912168147908e+01,-1.06475137312473e-01,-7.67452420508021e+01
5.49540873857623e+01,-9.78211744418603e-01,-3.81026876659670e+01,-1.03831311826356e+00,-6.70994841565210e+01,-1.10465814244920e-01,-7.85742575705276e+01
5.62341325190348e+01,-1.02170421370296e+00,-3.89242234813236e+01,-1.08761990339666e+00,-6.86414528674402e+01,-1.14561334828697e-01,-8.04494282765366e+01
5.75439937337156e+01,-1.06701433588316e+00,-3.97606107397072e+01,-1.13929922108918e+00,-7.02177943035964e+01,-1.18760732129521e-01,-8.23721566246660e+01
5.88843655355588e+01,-1.11420802278240e+00,-4.06119365776167e+01,-1.19346886042007e+00,-7.18291848831843e+01,-1.23062715214791e-01,-8.43439106223676e+01
6.02559586074357e+01,-1.16335273003377e+00,-4.14782766177975e+01,-1.25025281186009e+00,-7.34763050120678e+01,-1.27465670939910e-01,-8.63662290278175e+01
6.16595001861481e+01,-1.21451742145010e+00,-4.23596942116675e+01,-1.30978161266562e+00,-7.51598378324794e+01,-1.31967675642066e-01,-8.84407271384859e+01
6.30957344480192e+01,-1.26777252609948e+00,-4.32562396696215e+01,-1.37219270880071e+00,-7.68804677717489e+01,-1.36566520149267e-01,-9.05691032525278e+01
6.45654229034654e+01,-1.32318988768844e+00,-4.41679494819216e+01,-1.43763083295334e+00,-7.86388788654644e+01,-1.41259752541724e-01,-9.27531459001722e+01
6.60693448007595e+01,-1.38084270586943e+00,-4.50948455332055e+01,-1.50624839783487e+00,-8.04357528269198e+01,-1.46044744448187e-01,-9.49947419586278e+01
6.76082975391980e+01,-1.44080546910808e+00,-4.60369343139783e+01,-1.57820590348819e+00,-8.22717668320942e+01,-1.50918788422823e-01,-9.72958857833065e+01
6.91830970918935e+01,-1.50315387877157e+00,-4.69942061327855e+01,-1.65367235676627e+00,-8.41475909868174e+01,-1.55879236258988e-01,-9.96586895109163e+01
7.07945784384136e+01,-1.56796476412935e+00,-4.79666343331053e+01,-1.73282570046620e+00,-8.60638854402668e+01,-1.60923691128788e-01,-1.02085394716745e+02
7.24435960074988e+01,-1.63531598799520e+00,-4.89541745193291e+01,-1.81585324880033e+00,-8.80212971066449e+01,-1.66050270419809e-01,-1.04578385639858e+02
7.41310241300916e+01,-1.70528634278280e+00,-4.99567637965273e+01,-1.90295212494218e+00,-9.00204559549273e+01,-1.71257961371424e-01,-1.07140204226599e+02
7.58577575029182e+01,-1.77795543679739e+00,-5.09743200290111e+01,-1.99432969529023e+00,-9.20619708251356e+01,-1.76547098488015e-01,-1.09773567285294e+02
7.76247116628690e+01,-1.85340357064326e+00,-5.20067411229954e+01,-2.09020399383528e+00,-9.41464247288801e+01,-1.81920000738369e-01,-1.12481386093926e+02
7.94328234724279e+01,-1.93171160369059e+00,-5.30539043389416e+01,-2.19080412859475e+00,-9.62743695922006e+01,-1.87381818417502e-01,-1.15266788857994e+02
8.12830516164097e+01,-2.01296081061624e+00,-5.41156656394008e+01,-2.29637066048724e+00,-9.84463204002947e+01,-1.92941655125635e-01,-1.18133146477552e+02
8.31763771102669e+01,-2.09723272811014e+00,-5.51918590783825e+01,-2.40715594327238e+00,-1.00662748706920e+02,-1.98614050755389e-01,-1.21084102149557e+02
8.51138038202374e+01,-2.18460899192320e+00,-5.62822962384386e+01,-2.52342441129342e+00,-1.02924075476459e+02,-2.04420938150150e-01,-1.24123605401675e+02
8.70963589956078e+01,-2.27517116452153e+00,-5.73867657217628e+01,-2.64545279976265e+00,-1.05230663234269e+02,-2.10394221101319e-01,-1.27255951222159e+02
8.91250938133743e+01,-2.36900055370720e+00,-5.85050327016645e+01,-2.77353028027379e+00,-1.07582807511444e+02,-2.16579167007953e-01,-1.30485825009368e+02
9.12010839355907e+01,-2.46617802266455e+00,-5.96368385407689e+01,-2.90795849217554e+00,-1.09980727583919e+02,-2.23038866856245e-01,-1.33818354100878e+02
9.33254300796988e+01,-2.56678379199398e+00,-6.07819004822185e+01,-3.04905144849028e+00,-1.12424556523390e+02,-2.29860091925414e-01,-1.37259166634926e+02
9.54992586021433e+01,-2.67089723440022e+00,-6.19399114200069e+01,-3.19713529332519e+00,-1.14914330599121e+02,-2.37160975254844e-01,-1.40814458413285e+02
9.77237220955808e+01,-2.77859666280849e+00,-6.31105397543397e+01,-3.35254788634487e+00,-1.17449978095635e+02,-2.45101071528125e-01,-1.44491068224094e+02
9.99999999999997e+01,-2.88995911278761e+00,-6.42934293376155e+01,-3.51563818902478e+00,-1.20031307641616e+02,-2.53894507052494e-01,-1.48296561669556e+02
1.02329299228075e+02,-3.00506012026392e+00,-6.54881995162148e+01,-3.68676542728271e+00,-1.22657996179881e+02,-2.63827126819154e-01,-1.52239322813525e+02
1.04712854805090e+02,-3.12397349560993e+00,-6.66944452728086e+01,-3.86629800590650e+00,-1.25329576746604e+02,-2.75278780865624e-01,-1.56328651753082e+02
1.07151930523760e+02,-3.24677109528783e+00,-6.79117374733225e+01,-4.05461215219703e+00,-1.28045426269170e+02,-2.88752164525331e-01,-1.60574864290802e+02
1.09647819614318e+02,-3.37352259231612e+00,-6.91396232220414e+01,-4.25209026965774e+00,-1.30804753634806e+02,-3.04909922637050e-01,-1.64989386914536e+02
1.12201845430196e+02,-3.50429524690750e+00,-7.03776263275991e+01,-4.45911898760814e+00,-1.33606588324548e+02,-3.24622011461063e-01,-1.69584835845301e+02
1.14815362149688e+02,-3.63915367869559e+00,-7.16252478817855e+01,-4.67608689946019e+00,-1.36449769946586e+02,-3.49025512284787e-01,-1.74375062449781e+02
1.17489755493953e+02,-3.77815964202426e+00,-7.28819669522192e+01,-4.90338199118732e+00,-1.39332939036423e+02,-3.79599075308619e-01,-1.79375138227827e+02
1.20226443461741e+02,-3.92137180581682e+00,-7.41472413889895e+01,-5.14138877223497e+00,-1.42254529514360e+02,-4.18253715467603e-01,1.75398759646737e+02
1.23026877081238e+02,-4.06884553956912e+00,-7.54205087443742e+01,-5.39048513358566e+00,-1.45212763198913e+02,-4.67440424277311e-01,1.69929616744190e+02
1.25892541179416e+02,-4.22063270702137e+00,-7.67011873037105e+01,-5.65103897143815e+00,-1.48205646762301e+02,-5.30272479463699e-01,1.64200076066982e+02
1.28824955169313e+02,-4.37678146905627e+00,-7.79886772244316e+01,-5.92340462909420e+00,-1.51230971475468e+02,-6.10655750077510e-01,1.58193248295331e+02
1.31825673855640e+02,-4.53733609734497e+00,-7.92823617792189e+01,-6.20791922267088e+00,-1.54286316020916e+02,-7.13413011065548e-01,1.51893936089476e+02
1.34896288259165e+02,-4.70233680021743e+00,-8.05816086981539e+01,-6.50489892594186e+00,-1.57369052551514e+02,-8.44377954556621e-01,1.45290359850200e+02
1.38038426460288e+02,-4.87181956216971e+00,-8.18857716037136e+01,-6.81463529314980e+00,-1.60476356051235e+02,-1.01042198739416e+00,1.38376422125481e+02
1.41253754462275e+02,-5.04581599833736e+00,-8.31941915314539e+01,-7.13739169353391e+00,-1.63605216933067e+02,-1.21936508550441e+00,1.31154436759506e+02
1.44543977074592e+02,-5.22435322516272e+00,-8.45061985282781e+01,-7.47339991748688e+00,-1.66752456731689e+02,-1.47971739843765e+00,1.23638063634179e+02
1.47910838816820e+02,-5.40745374836488e+00,-8.58211133193152e+01,-7.82285699708847e+00,-1.69914746761793e+02,-1.80021066254489e+00,1.15854947717230e+02
1.51356124843620e+02,-5.59513536918615e+00,-8.71382490336478e+01,-8.18592227602939e+00,-1.73088629736626e+02,-2.18911717703808e+00,1.07848335878255e+02
1.54881661891248e+02,-5.78741110973947e+00,-8.84569129784445e+01,-8.56271478184475e+00,-1.76270544513119e+02,-2.65342007729815e+00,9.96768725417763e+01
1.58489319246111e+02,-5.98428915811973e+00,-8.97764084504846e+01,-8.95331100342576e+00,-1.79456854181912e+02,-3.19797492444083e+00,9.14120038734547e+01
1.62181009735892e+02,-6.18577283376990e+00,-9.10960365736163e+01,-9.35774323965840e+00,1.77356122543646e+02,-3.82485306635401e+00,8.31329961414356e+01
1.65958690743755e+02,-6.39186057341429e+00,-9.24150981503833e+01,-9.77599871553634e+00,1.74172077309237e+02,-4.53304327769410e+00,7.49203330593588e+01
1.69824365246174e+02,-6.60254593768658e+00,-9.37328955158773e+01,-1.02080196187499e+01,1.70994676881676e+02,-5.31859881340569e+00,6.68488500848741e+01
1.73780082874937e+02,-6.81781763839466e+00,-9.50487343818530e+01,-1.06537040951268e+01,1.67827528541576e+02,-6.17518641532414e+00,5.89820649639215e+01
1.77827941003892e+02,-7.03765958617843e+00,-9.63619256592483e+01,-1.11129081088888e+01,1.64674147835145e+02,-7.09488406754761e+00,5.13687142064154e+01
1.81970085860998e+02,-7.26205095813540e+00,-9.76717872475202e+01,-1.15854479869536e+01,1.61537929836153e+02,-8.06903315661581e+00,4.40417595109596e+01
1.86208713666286e+02,-7.49096628481337e+00,-9.89776457795914e+01,-1.20711034510312e+01,1.58422124391185e+02,-9.08898236713550e+00,3.70194579874073e+01
1.90546071796324e+02,-7.72437555580343e+00,-1.00278838311735e+02,-1.25696209763975e+01,1.55329815347297e+02,-1.01466327160741e+01,3.03077367364803e+01
1.94984459975804e+02,-7.96224434301197e+00,-1.01574713948364e+02,-1.30807173638865e+01,1.52263903571272e+02,-1.12347657171990e+01,2.39030945612979e+01
1.99526231496887e+02,-8.20453394054965e+00,-1.02864635392446e+02,-1.36040834458227e+01,1.49227093568550e+02,-1.23471854801812e+01,1.77954435142067e+01
2.04173794466952e+02,-8.45120152004957e+00,-1.04147980413102e+02,-1.41393878616155e+01,1.46221883564250e+02,-1.34787262195103e+01,1.19705510619298e+01
2.08929613085403e+02,-8.70220030011897e+00,-1.05424143222889e+02,-1.46862808411947e+01,1.43250558935733e+02,-1.46251767564578e+01,6.41195301562153e+00
2.13796208950222e+02,-8.95747972853831e+00,-1.06692535758223e+02,-1.52443979331892e+01,1.40315188864700e+02,-1.57831633706499e+01,1.10234372798275e+00
2.18776162394954e+02,-9.21698567575037e+00,-1.07952588857459e+02,-1.58133636154682e+01,1.37417626021218e+02,-1.69500195298356e+01,-3.97548094530946e+00
2.23872113856833e+02,-9.48066063813005e+00,-1.09203753332192e+02,-1.63927947304241e+01,1.34559509025621e+02,-1.81236597342396e+01,-8.83803014165810e+00
2.29086765276776e+02,-9.74844394949262e+00,-1.10445500928404e+02,-1.69823036958155e+01,1.31742267375285e+02,-1.93024663729595e+01,-1.35007800696073e+01
2.34422881531991e+02,-1.00202719992847e+01,-1.11677325175173e+02,-1.75815014527999e+01,1.28967128481688e+02,-2.04851930396087e+01,-1.79780131084805e+01
2.39883291901948e+02,-1.02960784559062e+01,-1.12898742119685e+02,-1.81900001245159e+01,1.26235126442195e+02,-2.16708845586431e+01,-2.22827733926538e+01
2.45470891568502e+02,-1.05757944936335e+01,-1.14109290948321e+02,-1.88074153700846e+01,1.23547112169317e+02,-2.28588123239766e+01,-2.64268948264905e+01
2.51188643150957e+02,-1.08593490216516e+01,-1.15308534494527e+02,-1.94333684293826e+01,1.20903764514625e+02,-2.40484228649233e+01,-3.04210708643837e+01
2.57039578276885e+02,-1.11466689137548e+01,-1.16496059635138e+02,-2.00674878629415e+01,1.18305602051067e+02,-2.52392974171892e+01,-3.42749455221434e+01
2.63026799189537e+02,-1.14376792373417e+01,-1.17671477577596e+02,-2.07094109986282e+01,1.15752995212079e+02,-2.64311204209001e+01,-3.79972123927108e+01
2.69153480392690e+02,-1.17323034804058e+01,-1.18834424041340e+02,-2.13587851023525e+01,1.13246178525345e+02,-2.76236551329481e+01,-4.15957135206380e+01
2.75422870333816e+02,-1.20304637753086e+01,-1.19984559337274e+02,-2.20152682939976e+01,1.10785262720202e+02,-2.88167248377496e+01,-4.50775334178835e+01
2.81838293126444e+02,-1.23320811182166e+01,-1.21121568349856e+02,-2.26785302322805e+01,1.08370246528483e+02,-3.00101984233191e+01,-4.84490857510343e+01
2.88403150312659e+02,-1.26370755831821e+01,-1.22245160426854e+02,-2.33482525934963e+01,1.06001028037172e+02,-3.12039793384447e+01,-5.17161916591752e+01
2.95120922666637e+02,-1.29453665299511e+01,-1.23355069182241e+02,-2.40241293693373e+01,1.03677415486701e+02,-3.23979971558313e+01,-5.48841495368355e+01
3.01995172040200e+02,-1.32568728046873e+01,-1.24451052218044e+02,-2.47058670084014e+01,1.01399137440153e+02,-3.35922011365769e+01,-5.79577966248715e+01
3.09029543251358e+02,-1.35715129329079e+01,-1.25532890771223e+02,-2.53931844248290e+01,9.91658522759120e+01,-3.47865553276242e+01,-6.09415630230347e+01
3.16227766016837e+02,-1.38892053040317e+01,-1.26600389291828e+02,-2.60858128959121e+01,9.69771569792319e+01,-3.59810348312356e+01,-6.38395188588911e+01
3.23593656929627e+02,-1.42098683470452e+01,-1.27653374958794e+02,-2.67834958686532e+01,9.48325952270591e+01,-3.71756229693529e+01,-6.66554153770428e+01
3.31131121482590e+02,-1.45334206968917e+01,-1.28691697139750e+02,-2.74859886932465e+01,9.27316647754639e+01,-3.83703091306293e+01,-6.93927206884771e+01
3.38844156139201e+02,-1.48597813512857e+01,-1.29715226801190e+02,-2.81930582994059e+01,9.06738241706168e+01,-3.95650871379552e+01,-7.20546508669313e+01
3.46736850452530e+02,-1.51888698177453e+01,-1.30723855875276e+02,-2.89044828294546e+01,8.86584988128301e+01,-4.07599540126999e+01,-7.46441970128897e+01
3.54813389233574e+02,-1.55206062507231e+01,-1.31717496589372e+02,-2.96200512401668e+01,8.66850864091921e+01,-4.19549090412903e+01,-7.71641488356882e+01
3.63078054770100e+02,-1.58549115787941e+01,-1.32696080764239e+02,-3.03395628835622e+01,8.47529618541745e+01,-4.31499530721920e+01,-7.96171152357057e+01
3.71535229097171e+02,-1.61917076219318e+01,-1.33659559086585e+02,-3.10628270752116e+01,8.28614815796969e+01,-4.43450879884843e+01,-8.20055423048203e+01
3.80189396320559e+02,-1.65309171989732e+01,-1.34607900361408e+02,-3.17896626571336e+01,8.10099874168293e+01,-4.55403163142638e+01,-8.43317291055945e+01
3.89045144994279e+02,-1.68724642254285e+01,-1.35541090749269e+02,-3.25198975610534e+01,7.91978100109322e+01,-4.67356409230403e+01,-8.65978415385285e+01
3.98107170553495e+02,-1.72162738018480e+01,-1.36459132993358e+02,-3.32533683766430e+01,7.74242718308258e+01,-4.79310648238496e+01,-8.88059245620469e+01
4.07380277804111e+02,-1.75622722930026e+01,-1.37362045640848e+02,-3.39899199283708e+01,7.56886898107941e+01,-4.91265910065568e+01,-9.09579129912711e+01
4.16869383470333e+02,-1.79103873981729e+01,-1.38249862262761e+02,-3.47294048637384e+01,7.39903776620300e+01,-5.03222223322040e+01,-9.30556410684763e+01
4.26579518801591e+02,-1.82605482128772e+01,-1.39122630676180e+02,-3.54716832549627e+01,7.23286478876883e+01,-5.15179614575862e+01,-9.51008509698440e+01
4.36515832240164e+02,-1.86126852823940e+01,-1.39980412172349e+02,-3.62166222155614e+01,7.07028135331373e+01,-5.27138107857803e+01,-9.70952003890558e+01
4.46683592150961e+02,-1.89667306474565e+01,-1.40823280753853e+02,-3.69640955328035e+01,6.91121897003917e+01,-5.39097724362888e+01,-9.90402693178636e+01
4.57088189614873e+02,-1.93226178825118e+01,-1.41651322383741e+02,-3.77139833165803e+01,6.75560948531326e+01,-5.51058482299334e+01,-1.00937566126488e+02
4.67735141287196e+02,-1.96802821269511e+01,-1.42464634249174e+02,-3.84661716649260e+01,6.60338519362303e+01,-5.63020396847674e+01,-1.02788533032067e+02
4.78630092322636e+02,-2.00396601097212e+01,-1.43263324041829e+02,-3.92205523461577e+01,6.45447893313171e+01,-5.74983480201368e+01,-1.04594551030995e+02
4.89778819368444e+02,-2.04006901677315e+01,-1.44047509257043e+02,-3.99770224974031e+01,6.30882416677297e+01,-5.86947741666832e+01,-1.06356944360535e+02
5.01187233627270e+02,-2.07633122584713e+01,-1.44817316513391e+02,-4.07354843391293e+01,6.16635505060774e+01,-5.98913187805901e+01,-1.08076984546179e+02
5.12861383991362e+02,-2.11274679672463e+01,-1.45572880894136e+02,-4.14958449051733e+01,6.02700649097864e+01,-6.10879822607657e+01,-1.09755894083734e+02
5.24807460249770e+02,-2.14931005094371e+01,-1.46314345311741e+02,-4.22580157876914e+01,5.89071419182323e+01,-6.22847647679586e+01,-1.11394849798697e+02
5.37031796370250e+02,-2.18601547281742e+01,-1.47041859896433e+02,-4.30219128963926e+01,5.75741469334966e+01,-6.34816662450326e+01,-1.12994985920046e+02
5.49540873857622e+02,-2.22285770878130e+01,-1.47755581409588e+02,-4.37874562313875e+01,5.62704540313570e+01,-6.46786864378131e+01,-1.14557396900927e+02
5.62341325190346e+02,-2.25983156635772e+01,-1.48455672682505e+02,-4.45545696689663e+01,5.49954462058409e+01,-6.58758249160526e+01,-1.16083140014759e+02
5.75439937337154e+02,-2.29693201277299e+01,-1.49142302081012e+02,-4.53231807596208e+01,5.37485155555304e+01,-6.70730810941772e+01,-1.17573237751879e+02
5.88843655355586e+02,-2.33415417326104e+01,-1.49815642996138e+02,-4.60932205376300e+01,5.25290634187853e+01,-6.82704542515567e+01,-1.19028680038929e+02
6.02559586074355e+02,-2.37149332908647e+01,-1.50475873361000e+02,-4.68646233415470e+01,5.13365004641443e+01,-6.94679435521111e+01,-1.20450426300698e+02
6.16595001861479e+02,-2.40894491531769e+01,-1.51123175193896e+02,-4.76373266449447e+01,5.01702467413631e+01,-7.06655480631155e+01,-1.21839407381949e+02
6.30957344480190e+02,-2.44650451837944e+01,-1.51757734167510e+02,-4.84112708968053e+01,4.90297316978398e+01,-7.18632667731077e+01,-1.23196527344919e+02
6.45654229034652e+02,-2.48416787341216e+01,-1.52379739204047e+02,-4.91863993709639e+01,4.79143941645483e+01,-7.30610986088320e+01,-1.24522665156568e+02
6.60693448007592e+02,-2.52193086146407e+01,-1.52989382096023e+02,-4.99626580240505e+01,4.68236823150529e+01,-7.42590424511785e+01,-1.25818676278233e+02
6.76082975391978e+02,-2.55978950654008e+01,-1.53586857152381e+02,-5.07399953613996e+01,4.57570536006893e+01,-7.54570971500940e+01,-1.27085394169176e+02
6.91830970918933e+02,-2.59773997253000e+01,-1.54172360869565e+02,-5.15183623104331e+01,4.47139746645694e+01,-7.66552615384543e+01,-1.28323631714432e+02
7.07945784384134e+02,-2.63577856003695e+01,-1.54746091627114e+02,-5.22977121010473e+01,4.36939212366938e+01,-7.78535344448983e+01,-1.29534182586487e+02
7.24435960074986e+02,-2.67390170312517e+01,-1.55308249407341e+02,-5.30780001525670e+01,4.26963780121223e+01,-7.90519147056284e+01,-1.30717822549507e+02
7.41310241300914e+02,-2.71210596600512e+01,-1.55859035538612e+02,-5.38591839668565e+01,4.17208385138627e+01,-8.02504011751871e+01,-1.31875310714182e+02
7.58577575029180e+02,-2.75038803967209e+01,-1.56398652461755e+02,-5.46412230272050e+01,4.07668049418807e+01,-8.14489927362206e+01,-1.33007390750647e+02
7.76247116628688e+02,-2.78874473851316e+01,-1.56927303519112e+02,-5.54240787026282e+01,3.98337880094055e+01,-8.26476883082380e+01,-1.34114792066473e+02
7.94328234724277e+02,-2.82717299689615e+01,-1.57445192765744e+02,-5.62077141572532e+01,3.89213067675047e+01,-8.38464868553742e+01,-1.35198230956254e+02
8.12830516164095e+02,-2.86566986575275e+01,-1.57952524802338e+02,-5.69920942644758e+01,3.80288884187215e+01,-8.50453873931570e+01,-1.36258411729006e+02
8.31763771102666e+02,-2.90423250916693e+01,-1.58449504629350e+02,-5.77771855255995e+01,3.71560681204076e+01,-8.62443889942763e+01,-1.37296027819253e+02
8.51138038202372e+02,-2.94285820097834e+01,-1.58936337521970e+02,-5.85629559926865e+01,3.63023887782396e+01,-8.74434907933430e+01,-1.38311762887455e+02
8.70963589956076e+02,-2.98154432140982e+01,-1.59413228925503e+02,-5.93493751953682e+01,3.54674008302761e+01,-8.86426919906149e+01,-1.39306291915246e+02
8.91250938133741e+02,-3.02028835372637e+01,-1.59880384370817e+02,-6.01364140713793e+01,3.46506620217944e+01,-8.98419918546592e+01,-1.40280282300776e+02
9.12010839355905e+02,-3.05908788093279e+01,-1.60338009409517e+02,-6.09240449005965e+01,3.38517371710341e+01,-9.10413897239041e+01,-1.41234394959370e+02
9.33254300796986e+02,-3.09794058251551e+01,-1.60786309568591e+02,-6.17122412423744e+01,3.30701979258758e+01,-9.22408850070194e+01,-1.42169285434643e+02
9.54992586021431e+02,-3.13684423123392e+01,-1.61225490324266e+02,-6.25009778759873e+01,3.23056225113849e+01,-9.34404771820465e+01,-1.43085605025174e+02
9.77237220955805e+02,-3.17579668996523e+01,-1.61655757094929e+02,-6.32902307439951e+01,3.15575954680625e+01,-9.46401657941801e+01,-1.43984001931869e+02
9.99999999999994e+02,-3.21479590860640e+01,-1.62077315252957e+02,-6.40799768983633e+01,3.08257073805582e+01,-9.58399504520808e+01,-1.44865122431159e+02
1.02329299228075e+03,-3.25383992103584e+01,-1.62490370155415e+02,-6.48701944491771e+01,3.01095545965164e+01,-9.70398308225684e+01,-1.45729612079274e+02
1.04712854805089e+03,-3.29292684213697e+01,-1.62895127193599e+02,-6.56608625157983e+01,2.94087389351448e+01,-9.82398066235223e+01,-1.46578116952925e+02
1.07151930523760e+03,-3.33205486488505e+01,-1.63291791861502e+02,-6.64519611803213e+01,2.87228673850164e+01,-9.94398776147756e+01,-1.47411284931866e+02
1.09647819614318e+03,-3.37122225749795e+01,-1.63680569843327e+02,-6.72434714431914e+01,2.80515517905318e+01,-1.00640043586753e+02,-1.48229767028964e+02
1.12201845430196e+03,-3.41042736065125e+01,-1.64061667120255e+02,-6.80353751808566e+01,2.73944085263906e+01,-1.01840304346561e+02,-1.49034218773620e+02
1.14815362149688e+03,-3.44966858475709e+01,-1.64435290096738e+02,-6.88276551053267e+01,2.67510581593385e+01,-1.03040659701180e+02,-1.49825301654563e+02
1.17489755493952e+03,-3.48894440730595e+01,-1.64801645746696e+02,-6.96202947255199e+01,2.61211250963706e+01,-1.04241109437366e+02,-1.50603684628327e+02
1.20226443461741e+03,-3.52825337026971e+01,-1.65160941780046e+02,-7.04132783102811e+01,2.55042372184874e+01,-1.05441653297783e+02,-1.51370045699963e+02
1.23026877081237e+03,-3.56759407756400e+01,-1.65513386830096e+02,-7.12065908529570e+01,2.49000254990099e+01,-1.06642290952825e+02,-1.52125073582848e+02
1.25892541179416e+03,-3.60696519256709e+01,-1.65859190662438e+02,-7.20002180374175e+01,2.43081236053660e+01,-1.07843021967504e+02,-1.52869469444765e+02
1.28824955169313e+03,-3.64636543569206e+01,-1.66198564406046e+02,-7.27941462054131e+01,2.37281674831655e+01,-1.09043845762666e+02,-1.53603948747758e+02
1.31825673855640e+03,-3.68579358200841e+01,-1.66531720807409e+02,-7.35883623251567e+01,2.31597949212766e+01,-1.10244761569688e+02,-1.54329243189628e+02
1.34896288259165e+03,-3.72524845890838e+01,-1.66858874508616e+02,-7.43828539610221e+01,2.26026450965127e+01,-1.11445768377694e+02,-1.55046102755302e+02
1.38038426460288e+03,-3.76472894381294e+01,-1.67180242350438e+02,-7.51776092442427e+01,2.20563580964223e+01,-1.12646864872159e+02,-1.55755297886651e+02
1.41253754462275e+03,-3.80423396191106e+01,-1.67496043701555e+02,-7.59726168444991e+01,2.15205744185576e+01,-1.13848049363605e+02,-1.56457621779746e+02
1.44543977074592e+03,-3.84376248392563e+01,-1.67806500815209e+02,-7.67678659422735e+01,2.09949344444724e+01,-1.15049319704897e+02,-1.57153892818854e+02
1.47910838816820e+03,-3.88331352389800e+01,-1.68111839214683e+02,-7.75633462018469e+01,2.04790778865619e+01,-1.16250673195438e+02,-1.57844957156840e+02
1.51356124843620e+03,-3.92288613698221e+01,-1.68412288109151e+02,-7.83590477448082e+01,1.99726432057223e+01,-1.17452106470270e+02,-1.58531691451932e+02
1.54881661891247e+03,-3.96247941723883e+01,-1.68708080841584e+02,-7.91549611239343e+01,1.94752669976513e+01,-1.18653615371831e+02,-1.59215005771027e+02
1.58489319246110e+03,-4.00209249541686e+01,-1.68999455370547e+02,-7.99510772972895e+01,1.89865833454568e+01,-1.19855194801767e+02,-1.59895846669908e+02
1.62181009735892e+03,-4.04172453671088e+01,-1.69286654787879e+02,-8.07473876023836e+01,1.85062231360691e+01,-1.21056838549804e+02,-1.60575200460748e+02
1.65958690743755e+03,-4.08137473847843e+01,-1.69569927874422e+02,-8.15438837302082e+01,1.80338133377748e+01,-1.22258539096280e+02,-1.61254096677184e+02
1.69824365246173e+03,-4.12104232790124e+01,-1.69849529696133e+02,-8.23405576989555e+01,1.75689762360003e+01,-1.23460287384397e+02,-1.61933611746933e+02
1.73780082874936e+03,-4.16072655957116e+01,-1.70125722243107e+02,-8.31374018272057e+01,1.71113286242722e+01,-1.24662072557744e+02,-1.62614872881330e+02
1.77827941003891e+03,-4.20042671297932e+01,-1.70398775114223e+02,-8.39344087063391e+01,1.66604809470692e+01,-1.25863881657946e+02,-1.63299062190284e+02
1.81970085860997e+03,-4.24014208988417e+01,-1.70668966250345e+02,-8.47315711719060e+01,1.62160363910587e+01,-1.27065699276628e+02,-1.63987421029753e+02
1.86208713666286e+03,-4.27987201153036e+01,-1.70936582719205e+02,-8.55288822736536e+01,1.57775899209693e+01,-1.28267507155016e+02,-1.64681254586995e+02
1.90546071796323e+03,-4.31961581568704e+01,-1.71201921555332e+02,-8.63263352438691e+01,1.53447272561096e+01,-1.29469283723643e+02,-1.65381936706241e+02
1.94984459975803e+03,-4.35937285346921e+01,-1.71465290658633e+02,-8.71239234636574e+01,1.49170237832763e+01,-1.30671003573561e+02,-1.66090914954005e+02
1.99526231496887e+03,-4.39914248590111e+01,-1.71727009755440e+02,-8.79216404267200e+01,1.44940434015288e+01,-1.31872636849364e+02,-1.66809715918734e+02
2.04173794466952e+03,-4.43892408017461e+01,-1.71987411426130e+02,-8.87194797001432e+01,1.40753372940185e+01,-1.33074148553072e+02,-1.67539950733661e+02
2.08929613085403e+03,-4.47871700554883e+01,-1.72246842203653e+02,-8.95174348816392e+01,1.36604426217745e+01,-1.34275497746556e+02,-1.68283320804294e+02
2.13796208950222e+03,-4.51852062882992e+01,-1.72505663747566e+02,-9.03154995526024e+01,1.32488811340413e+01,-1.35476636638745e+02,-1.69041623712486e+02
2.18776162394954e+03,-4.55833430936064e+01,-1.72764254098458e+02,-9.11136672262604e+01,1.28401576894617e+01,-1.36677509542268e+02,-1.69816759257184e+02
2.23872113856832e+03,-4.59815739343996e+01,-1.73023009017881e+02,-9.19119312900928e+01,1.24337586820853e+01,-1.37878051682548e+02,-1.70610735577159e+02
2.29086765276776e+03,-4.63798920808087e+01,-1.73282343419183e+02,-9.27102849415789e+01,1.20291503658797e+01,-1.39078187840738e+02,-1.71425675282688e+02
2.34422881531991e+03,-4.67782905400187e+01,-1.73542692894874e+02,-9.35087211161979e+01,1.16257770711162e+01,-1.40277830810213e+02,-1.72263821500666e+02
2.39883291901947e+03,-4.71767619773232e+01,-1.73804515346391e+02,-9.43072324064574e+01,1.12230593057215e+01,-1.41476879644857e+02,-1.73127543710170e+02
2.45470891568501e+03,-4.75752986269477e+01,-1.74068292722310e+02,-9.51058109705465e+01,1.08203917344197e+01,-1.42675217676099e+02,-1.74019343212291e+02
2.51188643150956e+03,-4.79738921910781e+01,-1.74334532871227e+02,-9.59044484290152e+01,1.04171410282672e+01,-1.43872710274819e+02,-1.74941858038156e+02
2.57039578276885e+03,-4.83725337253029e+01,-1.74603771515635e+02,-9.67031357476490e+01,1.00126435770025e+01,-1.45069202334040e+02,-1.75897867051705e+02
2.63026799189536e+03,-4.87712135084286e+01,-1.74876574353118e+02,-9.75018631044531e+01,9.60620305652984e+00,-1.46264515449070e+02,-1.76890292948042e+02
2.69153480392690e+03,-4.91699208943299e+01,-1.75153539291163e+02,-9.83006197383605e+01,9.19708784383959e+00,-1.47458444773887e+02,-1.77922203783486e+02
2.75422870333815e+03,-4.95686441431707e+01,-1.75435298821644e+02,-9.90993937769430e+01,8.78452827177746e+00,-1.48650755536465e+02,-1.78996812599538e+02
2.81838293126443e+03,-4.99673702289562e+01,-1.75722522540694e+02,-9.98981720400241e+01,8.36771371633980e+00,-1.49841179202196e+02,1.79882525379931e+02
2.88403150312658e+03,-5.03660846199504e+01,-1.76015919819096e+02,-1.00696939815656e+02,7.94578950964438e+00,-1.51029409284150e+02,1.78712318589602e+02
2.95120922666636e+03,-5.07647710280139e+01,-1.76316242627485e+02,-1.01495680604434e+02,7.51785367245416e+00,-1.52215096812676e+02,1.77488948708905e+02
3.01995172040199e+03,-5.11634111223763e+01,-1.76624288519464e+02,-1.02294375827581e+02,7.08295346118801e+00,-1.53397845495624e+02,1.76208684797387e+02
3.09029543251357e+03,-5.15619842027489e+01,-1.76940903774172e+02,-1.03093004493580e+02,6.64008172582123e+00,-1.54577206625476e+02,1.74867702873667e+02
3.16227766016836e+03,-5.19604668260034e+01,-1.77266986697677e+02,-1.03891542817495e+02,6.18817307705872e+00,-1.55752673821812e+02,1.73462111906684e+02
3.23593656929626e+03,-5.23588323798826e+01,-1.77603491079846e+02,-1.04689963786280e+02,5.72609986378081e+00,-1.56923677737817e+02,1.71987987231509e+02
3.31131121482589e+03,-5.27570505963730e+01,-1.77951429799762e+02,-1.05488236662567e+02,5.25266796516942e+00,-1.58089580908373e+02,1.70441412395970e+02
3.38844156139200e+03,-5.31550869964381e+01,-1.78311878568226e+02,-1.06286326418456e+02,4.76661240629287e+00,-1.59249672974542e+02,1.68818530364351e+02
3.46736850452529e+03,-5.35529022568081e+01,-1.78685979790142e+02,-1.07084193089789e+02,4.26659281148997e+00,-1.60403166583576e+02,1.67115604821544e+02
3.54813389233573e+03,-5.39504514884270e+01,-1.79074946522414e+02,-1.07881791040290e+02,3.75118871689437e+00,-1.61549194332080e+02,1.65329092002421e+02
3.63078054770099e+03,-5.43476834149953e+01,-1.79480066494011e+02,-1.08679068123737e+02,3.21889477219891e+00,-1.62686807187486e+02,1.63455722983595e+02
3.71535229097170e+03,-5.47445394388289e+01,-1.79902706143819e+02,-1.09475964731085e+02,2.66811587261922e+00,-1.63814974881702e+02,1.61492595689204e+02
3.80189396320558e+03,-5.51409525800030e+01,1.79655685381736e+02,-1.10272412708159e+02,2.09716227541456e+00,-1.64932588809819e+02,1.59437274962152e+02
3.89045144994278e+03,-5.55368462735107e+01,1.79193572345903e+02,-1.11068334128260e+02,1.50424477171985e+00,-1.66038467972245e+02,1.57287897943168e+02
3.98107170553494e+03,-5.59321330079959e+01,1.78709328748465e+02,-1.11863639902771e+02,8.87470004398280e-01,-1.67131368454669e+02,1.55043280722901e+02
4.07380277804110e+03,-5.63267127885948e+01,1.78201234981362e+02,-1.12658228211797e+02,2.44836046721126e-01,-1.68209996830597e+02,1.52703020874616e+02
4.16869383470332e+03,-5.67204714056616e+01,1.77667474961349e+02,-1.13451982735997e+02,-4.25771614419006e-01,-1.69273027682358e+02,1.50267589180777e+02
4.26579518801589e+03,-5.71132784908055e+01,1.77106133922551e+02,-1.14244770670374e+02,-1.12658351269770e+00,-1.70319125162055e+02,1.47738402835286e+02
4.36515832240162e+03,-5.75049853419286e+01,1.76515197092473e+02,-1.15036440500913e+02,-1.85994883540626e+00,-1.71346968159221e+02,1.45117871877136e+02
4.46683592150960e+03,-5.78954225000868e+01,1.75892549522432e+02,-1.15826819526010e+02,-2.62833698964664e+00,-1.72355278228621e+02,1.42409410843806e+02
4.57088189614871e+03,-5.82843970633300e+01,1.75235977397860e+02,-1.16615711106809e+02,-3.43433778170801e+00,-1.73342848999932e+02,1.39617408838342e+02
4.67735141287194e+03,-5.86716897266193e+01,1.74543171215519e+02,-1.17402891634392e+02,-4.28065982821423e+00,-1.74308575398515e+02,1.36747153494756e+02
4.78630092322634e+03,-5.90570515429806e+01,1.73811731283089e+02,-1.18188107207634e+02,-5.17012674941786e+00,-1.75251480721164e+02,1.33804707650942e+02
4.89778819368442e+03,-5.94402004098335e+01,1.73039176070535e+02,-1.18971070024126e+02,-6.10567062116909e+00,-1.76170739499360e+02,1.30796741641992e+02
5.01187233627268e+03,-5.98208172966327e+01,1.72222954019940e+02,-1.19751454498568e+02,-7.09032208485115e+00,-1.77065694195255e+02,1.27730328553270e+02
5.12861383991361e+03,-6.01985422463626e+01,1.71360459497409e+02,-1.20528893139172e+02,-8.12719643768322e+00,-1.77935864130777e+02,1.24612713921563e+02
5.24807460249768e+03,-6.05729702048476e+01,1.70449053641325e+02,-1.21302972233749e+02,-9.21947495494247e+00,-1.78780945624967e+02,1.21451074607347e+02
5.37031796370248e+03,-6.09436467590924e+01,1.69486090917517e+02,-1.22073227424111e+02,-1.03703806391589e+01,-1.79600803044521e+02,1.18252283344747e+02
5.49540873857620e+03,-6.13100638996018e+01,1.68468952222292e+02,-1.22839139280765e+02,-1.15831475605398e+01,-1.80395451261831e+02,1.15022695495785e+02
5.62341325190344e+03,-6.16716559622094e+01,1.67395085363688e+02,-1.23600129030061e+02,-1.28609829628008e+01,-1.81165030756636e+02,1.11767972778800e+02
5.75439937337152e+03,-6.20277959521864e+01,1.66262053680960e+02,-1.24355554632733e+02,-1.42070213780927e+01,-1.81909777195540e+02,1.08492955493051e+02
5.88843655355584e+03,-6.23777925062707e+01,1.65067593409442e+02,-1.25104707465111e+02,-1.56242701462883e+01,-1.82629987712207e+02,1.05201590530602e+02
6.02559586074353e+03,-6.27208878045134e+01,1.63809680137425e+02,-1.25846809909977e+02,-1.71155459928229e+01,-1.83325986264650e+02,1.01896917858652e+02
6.16595001861477e+03,-6.30562567995592e+01,1.62486604307541e+02,-1.26581014219080e+02,-1.86834027112102e+01,-1.83998090378781e+02,9.85811137405547e+01
6.30957344480188e+03,-6.33830081802982e+01,1.61097055164664e+02,-1.27306403057953e+02,-2.03300505440863e+01,-1.84646581343114e+02,9.52555851706896e+01
6.45654229034650e+03,-6.37001875215077e+01,1.59640211831347e+02,-1.28021992177518e+02,-2.20572685740437e+01,-1.85271679556297e+02,9.19211070645452e+01
6.60693448007590e+03,-6.40067830807569e+01,1.58115839302113e+02,-1.28726735665802e+02,-2.38663123206865e+01,-1.85873526303924e+02,8.85779917212229e+01
6.76082975391976e+03,-6.43017346763226e+01,1.56524386116375e+02,-1.29419534204529e+02,-2.57578197662072e+01,-1.86452172798854e+02,8.52262788745682e+01
6.91830970918931e+03,-6.45839460025327e+01,1.54867079357008e+02,-1.30099246677090e+02,-2.77317201374428e+01,-1.87007576886888e+02,8.18659341174744e+01
7.07945784384132e+03,-6.48523006008080e+01,1.53146011529375e+02,-1.30764705335070e+02,-2.97871508558025e+01,-1.87539607407506e+02,7.84970434706641e+01
7.24435960074984e+03,-6.51056814991978e+01,1.51364212948259e+02,-1.31414734523973e+02,-3.19223889829791e+01,-1.88048055805787e+02,7.51199922757770e+01
7.41310241300911e+03,-6.53429942618903e+01,1.49525702677354e+02,-1.32048172696279e+02,-3.41348040599306e+01,-1.88532654211508e+02,7.17356174044265e+01
7.58577575029177e+03,-6.55631928659781e+01,1.47635511022864e+02,-1.32663897114653e+02,-3.64208392635475e+01,-1.88993098834034e+02,6.83453230435250e+01
7.76247116628685e+03,-6.57653074721537e+01,1.45699667257205e+02,-1.33260850296465e+02,-3.87760271115411e+01,-1.89429077177282e+02,6.49511521341745e+01
7.94328234724275e+03,-6.59484728192139e+01,1.43725147756432e+02,-1.33838066913086e+02,-4.11950444149688e+01,-1.89840297281989e+02,6.15558079836169e+01
8.12830516164092e+03,-6.61119556992374e+01,1.41719782084102e+02,-1.34394699583807e+02,-4.36718088008339e+01,-1.90226516989006e+02,5.81626236406745e+01
8.31763771102664e+03,-6.62551798136278e+01,1.39692117608254e+02,-1.34930041847311e+02,-4.61996160401603e+01,-1.90587571129283e+02,5.47754802064008e+01
8.51138038202369e+03,-6.63777463143580e+01,1.37651246705086e+02,-1.35443546598173e+02,-4.87713139112655e+01,-1.90923394620301e+02,5.13986790812016e+01
8.70963589956073e+03,-6.64794485246161e+01,1.35606604061580e+02,-1.35934838467002e+02,-5.13795048244452e+01,-1.91234039705169e+02,4.80367768403694e+01
8.91250938133738e+03,-6.65602797049390e+01,1.33567744553746e+02,-1.36403718997047e+02,-5.40167664183847e+01,-1.91519686002953e+02,4.46943945292632e+01
9.12010839355902e+03,-6.66204332490290e+01,1.31544114190866e+02,-1.36850163992229e+02,-5.66758772671044e+01,-1.91780642610517e+02,4.13760152497373e+01
9.33254300796983e+03,-6.66602952939403e+01,1.29544827351030e+02,-1.37274313017949e+02,-5.93500340373331e+01,-1.92017342143503e+02,3.80857846670012e+01
9.54992586021428e+03,-6.66804303318527e+01,1.27578462866894e+02,-1.37676451647119e+02,-6.20330470339963e+01,-1.92230327247964e+02,3.48273283958876e+01
9.77237220955802e+03,-6.66815609345647e+01,1.25652889563708e+02,-1.38056987579543e+02,-6.47195029569361e+01,-1.92420230675310e+02,3.16035982509653e+01
9.99999999999991e+03,-6.66645430820729e+01,1.23775128924474e+02,-1.38416422158675e+02,-6.74048865490237e+01,-1.92587750428466e+02,2.84167563923516e+01
1.02329299228075e+04,-6.66303387858714e+01,1.21951259111073e+02,-1.38755319029449e+02,-7.00856561979315e+01,-1.92733621720947e+02,2.52681029219907e+01
1.04712854805089e+04,-6.65799877105615e+01,1.20186361092985e+02,-1.39074271719542e+02,-7.27592719816787e+01,-1.92858587539239e+02,2.21580489673256e+01
1.07151930523760e+04,-6.65145793477617e+01,1.18484504552457e+02,-1.39373871808606e+02,-7.54241777062311e+01,-1.92963369487773e+02,1.90861341487067e+01
1.09647819614318e+04,-6.64352270278564e+01,1.16848768846534e+02,-1.39654679119435e+02,-7.80797408863201e+01,-1.93048640369524e+02,1.60510848503568e+01
1.12201845430195e+04,-6.63430447202435e+01,1.15281292755868e+02,-1.39917195074196e+02,-8.07261562418167e+01,-1.93114999666738e+02,1.30509080290265e+01
1.14815362149687e+04,-6.62391272218082e+01,1.13783346036624e+02,-1.40161840056838e+02,-8.33643191431662e+01,-1.93162952785282e+02,1.00830143776383e+01
1.17489755493952e+04,-6.61245340070880e+01,1.12355415803038e+02,-1.40388935348400e+02,-8.59956756756123e+01,-1.93192894651771e+02,7.14436437758496e+00
1.20226443461740e+04,-6.60002767392667e+01,1.10997301328837e+02,-1.40598689978693e+02,-8.86220558016971e+01,-1.93205098028642e+02,4.23163092362064e+00
1.23026877081237e+04,-6.58673102322849e+01,1.09708211770479e+02,-1.40791192673871e+02,-9.12454957006772e+01,-1.93199706747379e+02,1.34137257276999e+00
1.25892541179416e+04,-6.57265265129807e+01,1.08486862402915e+02,-1.40966408969282e+02,-9.38680549449215e+01,-1.93176733948483e+02,-1.52978814039177e+00
1.28824955169312e+04,-6.55787515520753e+01,1.07331566073107e+02,-1.41124183484965e+02,-9.64916338816008e+01,-1.93136065343375e+02,-4.38498661070248e+00
1.31825673855640e+04,-6.54247442031262e+01,1.06240317613848e+02,-1.41264247305465e+02,-9.91177965013517e+01,-1.93077467456057e+02,-7.22694351216722e+00
1.34896288259164e+04,-6.52651968966784e+01,1.05210869858139e+02,-1.41386230342270e+02,-1.01747604202149e+02,-1.93000600737546e+02,-1.00578029526611e+01
1.38038426460287e+04,-6.51007376705729e+01,1.04240800623831e+02,-1.41489678464011e+02,-1.04381466132248e+02,-1.92905037351365e+02,-1.28789870834991e+01
1.41253754462274e+04,-6.49319331661623e+01,1.03327570597193e+02,-1.41574075040193e+02,-1.07019012093717e+02,-1.92790283287684e+02,-1.56910731211871e+01
1.44543977074591e+04,-6.47592922757704e+01,1.02468572445338e+02,-1.41638866351555e+02,-1.09658994132984e+02,-1.92655804269690e+02,-1.84936988912746e+01
1.47910838816819e+04,-6.45832701830624e+01,1.01661171754132e+02,-1.41683490079552e+02,-1.12299222737966e+02,-1.92501054673965e+02,-2.12855028035009e+01
1.51356124843619e+04,-6.44042725911026e+01,1.00902740545782e+02,-1.41707405818311e+02,-1.14936542815905e+02,-1.92325508416478e+02,-2.40641034267538e+01
1.54881661891247e+04,-6.42226599804334e+01,1.00190684204291e+02,-1.41710126288247e+02,-1.17566853208489e+02,-1.92128690490597e+02,-2.68261224184796e+01
1.58489319246110e+04,-6.40387517804302e+01,9.95224626500645e+01,-1.41691247714835e+02,-1.20185171374660e+02,-1.91910207627005e+02,-2.95672524398823e+01
1.62181009735891e+04,-6.38528303712599e+01,9.88956065762446e+01,-1.41650477716251e+02,-1.22785742131499e+02,-1.91669776424809e+02,-3.22823689503212e+01
1.65958690743755e+04,-6.36651448613285e+01,9.83077295041276e+01,-1.41587659060986e+02,-1.25362186227252e+02,-1.91407247319863e+02,-3.49656816596028e+01
1.69824365246173e+04,-6.34759146067958e+01,9.77565363449004e+01,-1.41502787836167e+02,-1.27907681388162e+02,-1.91122622935304e+02,-3.76109182855465e+01
1.73780082874936e+04,-6.32853324563668e+01,9.72398290781536e+01,-1.41396024909408e+02,-1.30415165759614e+02,-1.90816069700883e+02,-4.02115305438793e+01
1.77827941003891e+04,-6.30935677169553e+01,9.67555100803863e+01,-1.41267700043091e+02,-1.32877551765608e+02,-1.90487922103237e+02,-4.27609104014586e+01
1.81970085860997e+04,-6.29007688447455e+01,9.63015835624724e+01,-1.41118308575772e+02,-1.35287937648117e+02,-1.90138679484664e+02,-4.52526038617084e+01
1.86208713666285e+04,-6.27070658723517e+01,9.58761555064954e+01,-1.40948501150449e+02,-1.37639804454166e+02,-1.89768995872597e+02,-4.76805100575189e+01
1.90546071796323e+04,-6.25125725868126e+01,9.54774324303220e+01,-1.40759067470459e+02,-1.39927187940507e+02,-1.89379663822719e+02,-5.00390551288977e+01
1.94984459975803e+04,-6.23173884755514e+01,9.51037192535229e+01,-1.40550915440011e+02,-1.42144817499091e+02,-1.88971593634583e+02,-5.23233329959039e+01
1.99526231496886e+04,-6.21216004586138e+01,9.47534164905525e+01,-1.40325047260020e+02,-1.44288217376836e+02,-1.88545789512042e+02,-5.45292083074850e+01
2.04173794466951e+04,-6.19252844257931e+01,9.44250169560335e+01,-1.40082534091727e+02,-1.46353768730247e+02,-1.88103324282390e+02,-5.66533801137141e+01
2.08929613085402e+04,-6.17285065969207e+01,9.41171021321662e+01,-1.39824490788189e+02,-1.48338734020719e+02,-1.87645314175519e+02,-5.86934077739016e+01
2.13796208950221e+04,-6.15313247228559e+01,9.38283383188879e+01,-1.39552051963868e+02,-1.50241247625570e+02,-1.87172894934387e+02,-6.06477029820111e+01
2.18776162394953e+04,-6.13337891436899e+01,9.35574726628550e+01,-1.39266350372191e+02,-1.52060278156220e+02,-1.86687200227597e+02,-6.25154934068895e+01
2.23872113856832e+04,-6.11359437195074e+01,9.33033291409686e+01,-1.38968498236464e+02,-1.53795568814789e+02,-1.86189343010272e+02,-6.42967642843381e+01
2.29086765276775e+04,-6.09378266478114e+01,9.30648045573612e+01,-1.38659571870220e+02,-1.55447562266985e+02,-1.85680400169980e+02,-6.59921844444093e+01
2.34422881531990e+04,-6.07394711804578e+01,9.28408645990472e+01,-1.38340599656322e+02,-1.57017316111885e+02,-1.85161400527661e+02,-6.76030228596724e+01
2.39883291901947e+04,-6.05409062517250e+01,9.26305399842317e+01,-1.38012553245174e+02,-1.58506414263670e+02,-1.84633316054392e+02,-6.91310610344271e+01
2.45470891568501e+04,-6.03421570279721e+01,9.24329227282206e+01,-1.37676341685261e+02,-1.59916878595582e+02,-1.84097056017692e+02,-7.05785055897132e+01
2.51188643150956e+04,-6.01432453882415e+01,9.22471625446341e+01,-1.37332808110056e+02,-1.61251084173658e+02,-1.83553463681769e+02,-7.19479043760122e+01
2.57039578276884e+04,-5.99441903441462e+01,9.20724633937616e+01,-1.36982728565086e+02,-1.62511680431989e+02,-1.83003315145848e+02,-7.32420684694459e+01
2.63026799189536e+04,-5.97450084064489e+01,9.19080801853627e+01,-1.36626812556549e+02,-1.63701519778444e+02,-1.82447319902255e+02,-7.44640015442383e+01
2.69153480392689e+04,-5.95457139048944e+01,9.17533156395318e+01,-1.36265704927040e+02,-1.64823594404409e+02,-1.81886122720071e+02,-7.56168373985557e+01
2.75422870333814e+04,-5.93463192670934e+01,9.16075173065012e+01,-1.35899988704651e+02,-1.65880981512439e+02,-1.81320306500824e+02,-7.67037858509978e+01
2.81838293126443e+04,-5.91468352615662e+01,9.14700747440464e+01,-1.35530188620837e+02,-1.66876796763942e+02,-1.80750395801807e+02,-7.77280868129680e+01
2.88403150312658e+04,-5.89472712094458e+01,9.13404168495448e+01,-1.35156775043928e+02,-1.67814155466497e+02,-1.80176860774058e+02,-7.86929720595045e+01
2.95120922666636e+04,-5.87476351687915e+01,9.12180093425417e+01,-1.34780168124769e+02,-1.68696140844994e+02,-1.79600121311614e+02,-7.96016340454704e+01
3.01995172040199e+04,-5.85479340949804e+01,9.11023523927801e+01,-1.34400741996217e+02,-1.69525778648813e+02,-1.79020551253897e+02,-8.04572010219279e+01
3.09029543251356e+04,-5.83481739802158e+01,9.09929783880732e+01,-1.34018828907725e+02,-1.70306017317689e+02,-1.78438482522557e+02,-8.12627176777247e+01
3.16227766016835e+04,-5.81483599748126e+01,9.08894498359984e+01,-1.33634723209529e+02,-1.71039712943035e+02,-1.77854209107358e+02,-8.20211305453280e+01
3.23593656929625e+04,-5.79484964925879e+01,9.07913573931748e+01,-1.33248685128211e+02,-1.71729618304613e+02,-1.77267990843001e+02,-8.27352774528972e+01
3.31131121482588e+04,-5.77485873023904e+01,9.06983180157912e+01,-1.32860944297161e+02,-1.72378375322651e+02,-1.76680056940399e+02,-8.34078803646557e+01
3.38844156139199e+04,-5.75486356075446e+01,9.06099732250687e+01,-1.32471703022225e+02,-1.72988510334418e+02,-1.76090609252819e+02,-8.40415410204165e+01
3.46736850452528e+04,-5.73486441147610e+01,9.05259874814204e+01,-1.32081139275602e+02,-1.73562431675582e+02,-1.75499825269939e+02,-8.46387388562924e+01
3.54813389233572e+04,-5.71486150938649e+01,9.04460466612169e+01,-1.31689409420275e+02,-1.74102429116325e+02,-1.74907860842185e+02,-8.52018307581910e+01
3.63078054770098e+04,-5.69485504295239e+01,9.03698566302482e+01,-1.31296650673842e+02,-1.74610674767586e+02,-1.74314852644220e+02,-8.57330522649425e+01
3.71535229097169e+04,-5.67484516659996e+01,9.02971419081820e+01,-1.30902983324962e+02,-1.75089225132417e+02,-1.73720920390843e+02,-8.62345198974623e+01
3.80189396320557e+04,-5.65483200458223e+01,9.02276444185649e+01,-1.30508512718357e+02,-1.75540024030655e+02,-1.73126168821254e+02,-8.67082343434575e+01
3.89045144994277e+04,-5.63481565431652e+01,9.01611223191280e+01,-1.30113331025744e+02,-1.75964906171830e+02,-1.72530689469080e+02,-8.71560842738240e+01
3.98107170553493e+04,-5.61479618925982e+01,9.00973489074464e+01,-1.29717518820610e+02,-1.76365601191549e+02,-1.71934562236096e+02,-8.75798506071216e+01
4.07380277804108e+04,-5.59477366138117e+01,9.00361115972170e+01,-1.29321146474601e+02,-1.76743738001215e+02,-1.71337856787412e+02,-8.79812110730481e+01
4.16869383470331e+04,-5.57474810328223e+01,8.99772109606919e+01,-1.28924275392702e+02,-1.77100849330095e+02,-1.70740633785324e+02,-8.83617449549523e+01
4.26579518801588e+04,-5.55471953001088e+01,8.99204598330419e+01,-1.28526959103497e+02,-1.77438376363358e+02,-1.70142945978126e+02,-8.87229379159171e+01
4.36515832240161e+04,-5.53468794060643e+01,8.98656824746533e+01,-1.28129244219714e+02,-1.77757673400114e+02,-1.69544839159089e+02,-8.90661868333491e+01
4.46683592150958e+04,-5.51465331941016e+01,8.98127137876055e+01,-1.27731171283121e+02,-1.78060012472400e+02,-1.68946353009676e+02,-8.93928045838193e+01
4.57088189614870e+04,-5.49461563717054e+01,8.97613985827853e+01,-1.27332775506595e+02,-1.78346587879949e+02,-1.68347521839833e+02,-8.97040247337858e+01
4.67735141287193e+04,-5.47457485196827e+01,8.97115908943131e+01,-1.26934087425066e+02,-1.78618520606918e+02,-1.67748375237032e+02,-9.00010061030830e+01
4.78630092322633e+04,-5.45453090998323e+01,8.96631533381433e+01,-1.26535133465822e+02,-1.78876862595964e+02,-1.67148938634590e+02,-9.02848371772464e+01
4.89778819368441e+04,-5.43448374612247e+01,8.96159565119126e+01,-1.26135936447653e+02,-1.79122600862440e+02,-1.66549233808709e+02,-9.05565403520871e+01
5.01187233627267e+04,-5.41443328452542e+01,8.95698784332684e+01,-1.25736516017271e+02,-1.79356661437425e+02,-1.65949279312681e+02,-9.08170759998298e+01
5.12861383991359e+04,-5.39437943896093e+01,8.95248040140872e+01,-1.25336889030507e+02,-1.79579913133035e+02,-1.65349090855783e+02,-9.10673463508127e+01
5.24807460249767e+04,-5.37432211312806e+01,8.94806245681699e+01,-1.24937069884985e+02,-1.79793171127100e+02,-1.64748681633523e+02,-9.13081991883829e+01
5.37031796370247e+04,-5.35426120087155e+01,8.94372373501156e+01,-1.24537070810159e+02,-1.79997200367242e+02,-1.64148062615143e+02,-9.15404313575042e+01
5.49540873857619e+04,-5.33419658632078e+01,8.93945451232600e+01,-1.24136902119953e+02,1.79807281203459e+02,-1.63547242793602e+02,-9.17647920897523e+01
5.62341325190343e+04,-5.31412814396039e+01,8.93524557546554e+01,-1.23736572432583e+02,1.79619599595286e+02,-1.62946229402641e+02,-9.19819861490542e+01
5.75439937337151e+04,-5.29405573863886e+01,8.93108818352316e+01,-1.23336088861629e+02,1.79439121890109e+02,-1.62345028104950e+02,-9.21926768036852e+01
5.88843655355583e+04,-5.27397922552120e+01,8.92697403233659e+01,-1.22935457181903e+02,1.79265253522972e+02,-1.61743643155031e+02,-9.23974886309707e+01
6.02559586074351e+04,-5.25389844999028e+01,8.92289522102087e+01,-1.22534681973247e+02,1.79097435720434e+02,-1.61142077539831e+02,-9.25970101616686e+01
6.16595001861475e+04,-5.23381324750114e+01,8.91884422052234e+01,-1.22133766744986e+02,1.78935143088655e+02,-1.60540333099917e+02,-9.27917963714120e+01
6.30957344480186e+04,-5.21372344339162e+01,8.91481384404694e+01,-1.21732714043441e+02,1.78777881344004e+02,-1.59938410633561e+02,-9.29823710267891e+01
6.45654229034648e+04,-5.19362885265229e+01,8.91079721922702e+01,-1.21331525544605e+02,1.78625185178881e+02,-1.59336309985828e+02,-9.31692288936863e+01
6.60693448007589e+04,-5.17352927965808e+01,8.90678776189759e+01,-1.20930202133799e+02,1.78476616255476e+02,-1.58734030124513e+02,-9.33528378154979e+01
6.76082975391974e+04,-5.15342451786349e+01,8.90277915136085e+01,-1.20528743973924e+02,1.78331761320295e+02,-1.58131569204499e+02,-9.35336406686875e+01
6.91830970918929e+04,-5.13331434946308e+01,8.89876530702476e+01,-1.20127150563704e+02,1.78190230432415e+02,-1.57528924621944e+02,-9.37120572030189e+01
7.07945784384130e+04,-5.11319854501837e+01,8.89474036630860e+01,-1.19725420787132e+02,1.78051655298681e+02,-1.56926093059504e+02,-9.38884857735520e+01
7.24435960074982e+04,-5.09307686305220e+01,8.89069866371369e+01,-1.19323552955192e+02,1.77915687709245e+02,-1.56323070523646e+02,-9.40633049712727e+01
7.41310241300909e+04,-5.07294904961112e+01,8.88663471096292e+01,-1.18921544840773e+02,1.77781998067122e+02,-1.55719852374977e+02,-9.42368751589640e+01
7.58577575029175e+04,-5.05281483779639e+01,8.88254317811906e+01,-1.18519393707588e+02,1.77650274005704e+02,-1.55116433352384e+02,-9.44095399186420e+01
7.76247116628683e+04,-5.03267394726376e+01,8.87841887559481e+01,-1.18117096333800e+02,1.77520219088424e+02,-1.54512807591669e+02,-9.45816274166415e+01
7.94328234724272e+04,-5.01252608369212e+01,8.87425673697303e+01,-1.17714649030948e+02,1.77391551585051e+02,-1.53908968639306e+02,-9.47534516921331e+01
8.12830516164090e+04,-4.99237093822094e+01,8.87005180255875e+01,-1.17312047658729e+02,1.77264003319341e+02,-1.53304909461817e+02,-9.49253138746061e+01
8.31763771102661e+04,-4.97220818685635e+01,8.86579920358923e+01,-1.16909287636075e+02,1.77137318583042e+02,-1.52700622451231e+02,-9.50975033355916e+01
8.51138038202367e+04,-4.95203748984534e+01,8.86149414702935e+01,-1.16506363948922e+02,1.77011253111497e+02,-1.52096099427020e+02,-9.52702987796507e+01
8.70963589956071e+04,-4.93185849101776e+01,8.85713190088467e+01,-1.16103271155039e+02,1.76885573116314e+02,-1.51491331634840e+02,-9.54439692794193e+01
8.91250938133735e+04,-4.91167081709564e+01,8.85270777996608e+01,-1.15700003386183e+02,1.76760054370824e+02,-1.50886309742375e+02,-9.56187752592743e+01
9.12010839355899e+04,-4.89147407696893e+01,8.84821713204121e+01,-1.15296554347866e+02,1.76634481344242e+02,-1.50281023832541e+02,-9.57949694319828e+01
9.33254300796980e+04,-4.87126786093720e+01,8.84365532431156e+01,-1.14892917316944e+02,1.76508646380651e+02,-1.49675463394253e+02,-9.59727976924942e+01
9.54992586021425e+04,-4.85105173991645e+01,8.83901773015413e+01,-1.14489085137217e+02,1.76382348919136e+02,-1.49069617310948e+02,-9.61524999728587e+01
9.77237220955799e+04,-4.83082526461017e+01,8.83429971606866e+01,-1.14085050213223e+02,1.76255394751544e+02,-1.48463473847031e+02,-9.63343110620881e+01
1.00000000000000e+05,-4.81058796464379e+01,8.82949662877174e+01,-1.13680804502347e+02,1.76127595314531e+02,-1.47857020632367e+02,-9.65184613946195e+01
